{
  "hash": "b00a038e",
  "configHash": "4516248a",
  "lockfileHash": "3e2af939",
  "browserHash": "5920bef4",
  "optimized": {
    "@angular/common": {
      "src": "../../../../../node_modules/@angular/common/fesm2022/common.mjs",
      "file": "@angular_common.js",
      "fileHash": "11dbf0fa",
      "needsInterop": false
    },
    "@angular/common/http": {
      "src": "../../../../../node_modules/@angular/common/fesm2022/http.mjs",
      "file": "@angular_common_http.js",
      "fileHash": "99050686",
      "needsInterop": false
    },
    "@angular/core": {
      "src": "../../../../../node_modules/@angular/core/fesm2022/core.mjs",
      "file": "@angular_core.js",
      "fileHash": "14aaed85",
      "needsInterop": false
    },
    "@angular/forms": {
      "src": "../../../../../node_modules/@angular/forms/fesm2022/forms.mjs",
      "file": "@angular_forms.js",
      "fileHash": "5eaa1b87",
      "needsInterop": false
    },
    "@angular/material/button": {
      "src": "../../../../../node_modules/@angular/material/fesm2022/button.mjs",
      "file": "@angular_material_button.js",
      "fileHash": "2f668a07",
      "needsInterop": false
    },
    "@angular/material/card": {
      "src": "../../../../../node_modules/@angular/material/fesm2022/card.mjs",
      "file": "@angular_material_card.js",
      "fileHash": "b4c74b91",
      "needsInterop": false
    },
    "@angular/material/form-field": {
      "src": "../../../../../node_modules/@angular/material/fesm2022/form-field.mjs",
      "file": "@angular_material_form-field.js",
      "fileHash": "8d1793c6",
      "needsInterop": false
    },
    "@angular/material/input": {
      "src": "../../../../../node_modules/@angular/material/fesm2022/input.mjs",
      "file": "@angular_material_input.js",
      "fileHash": "3ce321f4",
      "needsInterop": false
    },
    "@angular/material/paginator": {
      "src": "../../../../../node_modules/@angular/material/fesm2022/paginator.mjs",
      "file": "@angular_material_paginator.js",
      "fileHash": "fa9f6b77",
      "needsInterop": false
    },
    "@angular/material/sort": {
      "src": "../../../../../node_modules/@angular/material/fesm2022/sort.mjs",
      "file": "@angular_material_sort.js",
      "fileHash": "f636b703",
      "needsInterop": false
    },
    "@angular/material/table": {
      "src": "../../../../../node_modules/@angular/material/fesm2022/table.mjs",
      "file": "@angular_material_table.js",
      "fileHash": "c0c61e75",
      "needsInterop": false
    },
    "@angular/platform-browser": {
      "src": "../../../../../node_modules/@angular/platform-browser/fesm2022/platform-browser.mjs",
      "file": "@angular_platform-browser.js",
      "fileHash": "983d0bc6",
      "needsInterop": false
    },
    "@angular/platform-browser/animations": {
      "src": "../../../../../node_modules/@angular/platform-browser/fesm2022/animations.mjs",
      "file": "@angular_platform-browser_animations.js",
      "fileHash": "2270d810",
      "needsInterop": false
    },
    "@angular/platform-browser/animations/async": {
      "src": "../../../../../node_modules/@angular/platform-browser/fesm2022/animations/async.mjs",
      "file": "@angular_platform-browser_animations_async.js",
      "fileHash": "f174a7c3",
      "needsInterop": false
    },
    "@angular/router": {
      "src": "../../../../../node_modules/@angular/router/fesm2022/router.mjs",
      "file": "@angular_router.js",
      "fileHash": "005fdf1e",
      "needsInterop": false
    },
    "ngx-owl-carousel-o": {
      "src": "../../../../../node_modules/ngx-owl-carousel-o/fesm2022/ngx-owl-carousel-o.mjs",
      "file": "ngx-owl-carousel-o.js",
      "fileHash": "d0e8784f",
      "needsInterop": false
    },
    "ngx-pagination": {
      "src": "../../../../../node_modules/ngx-pagination/fesm2020/ngx-pagination.mjs",
      "file": "ngx-pagination.js",
      "fileHash": "f9311e8f",
      "needsInterop": false
    },
    "ngx-paypal": {
      "src": "../../../../../node_modules/ngx-paypal/fesm2020/ngx-paypal.mjs",
      "file": "ngx-paypal.js",
      "fileHash": "d393a38d",
      "needsInterop": false
    },
    "ngx-toastr": {
      "src": "../../../../../node_modules/ngx-toastr/fesm2022/ngx-toastr.mjs",
      "file": "ngx-toastr.js",
      "fileHash": "3693783b",
      "needsInterop": false
    },
    "rxjs": {
      "src": "../../../../../node_modules/rxjs/dist/esm5/index.js",
      "file": "rxjs.js",
      "fileHash": "f45aa535",
      "needsInterop": false
    },
    "rxjs/operators": {
      "src": "../../../../../node_modules/rxjs/dist/esm5/operators/index.js",
      "file": "rxjs_operators.js",
      "fileHash": "89c9c589",
      "needsInterop": false
    },
    "@angular/material/snack-bar": {
      "src": "../../../../../node_modules/@angular/material/fesm2022/snack-bar.mjs",
      "file": "@angular_material_snack-bar.js",
      "fileHash": "59ee1efe",
      "needsInterop": false
    }
  },
  "chunks": {
    "browser-TLRRNJA5": {
      "file": "browser-TLRRNJA5.js"
    },
    "chunk-QHZJZYHG": {
      "file": "chunk-QHZJZYHG.js"
    },
    "chunk-DNZ76JDD": {
      "file": "chunk-DNZ76JDD.js"
    },
    "chunk-OO5VCQXR": {
      "file": "chunk-OO5VCQXR.js"
    },
    "chunk-QWKRPO5K": {
      "file": "chunk-QWKRPO5K.js"
    },
    "chunk-3E37K7MC": {
      "file": "chunk-3E37K7MC.js"
    },
    "chunk-TJ2Z46I6": {
      "file": "chunk-TJ2Z46I6.js"
    },
    "chunk-62FBY7VO": {
      "file": "chunk-62FBY7VO.js"
    },
    "chunk-EU2DZ4GO": {
      "file": "chunk-EU2DZ4GO.js"
    },
    "chunk-YXEYMUJ7": {
      "file": "chunk-YXEYMUJ7.js"
    },
    "chunk-YDFXBGRG": {
      "file": "chunk-YDFXBGRG.js"
    },
    "chunk-65OZ3OMT": {
      "file": "chunk-65OZ3OMT.js"
    },
    "chunk-MMBCINKC": {
      "file": "chunk-MMBCINKC.js"
    },
    "chunk-HP4J5IZY": {
      "file": "chunk-HP4J5IZY.js"
    },
    "chunk-KT3RQDJZ": {
      "file": "chunk-KT3RQDJZ.js"
    },
    "chunk-LMFWYZLC": {
      "file": "chunk-LMFWYZLC.js"
    },
    "chunk-RVQ3RH6Y": {
      "file": "chunk-RVQ3RH6Y.js"
    }
  }
}